country_code,country_name,year,gdp_per_capita,energy_kwh_per_capita,co2_per_capita,renewable_pct,population,water_stress_pct,ai_expansion_index,sustainability_score
ABW,Aruba,2023,35718.7531191634,,5.00284093555268,8.8,107359,,,51.99
AFE,Africa Eastern and Southern,2023,1571.44918918981,484.004411939864,0.838104192853686,65.7823798017466,750491370,5.04173888731344,0.029583836144587566,60.32
AFG,Afghanistan,2023,413.757894705303,,0.280995468771367,20.0,41454761,43.0159066808059,,61.44
AFW,Africa Western and Central,2023,1841.85506354867,207.456238648377,0.494008435504324,75.846980103796,509398589,1.70531279998314,0.0,61.01
AGO,Angola,2023,2916.13663284275,379.103010494775,0.743838637301548,52.9,36749906,0.476824324324324,0.0,60.51
ALB,Albania,2023,9730.86921906893,2888.86725667383,1.74914408919284,41.9,2414095,2.96282527881041,0.14100009525916218,58.5
AND,Andorra,2023,46812.4261013102,,,18.7,80856,,,61.0
ARB,Arab World,2023,7513.89907880749,2739.43764241097,4.55256379383056,5.17060073389405,482105978,203.775399457341,0.15102251036758174,52.89
ARE,United Arab Emirates,2023,49850.6872175164,15284.7010578561,18.3804823292732,1.0,10483751,1509.93333333333,0.6257477581483173,25.24
ARG,Argentina,2023,14261.8465667948,2821.77233232234,4.16990486776205,9.2,45538401,12.9075342465753,0.1669124467518128,53.66
ARM,Armenia,2023,8159.08720967996,2386.06079006848,2.52966973653139,9.1,2964300,44.787869951888,0.10226853423184315,56.94
ASM,American Samoa,2023,18017.4589383973,,0.00210433282127901,0.4,47521,,,62.0
ATG,Antigua and Barbuda,2023,21494.5474000727,,3.68747053024133,0.9,93316,8.46153846153846,,54.63
AUS,Australia,2023,65058.3773146674,9819.87119092096,14.1596700845561,12.3,26659922,2.36178861788618,0.8421110925927187,33.68
AUT,Austria,2023,56579.504175468,7860.14877086687,6.40359510066021,36.0,9131761,5.70909090909091,0.5068169428934433,49.19
AZE,Azerbaijan,2023,7133.02838048328,2366.9587760753,4.1112835014681,1.3,10153958,160.52988293284,0.10043171381403034,53.78
BDI,Burundi,2023,250.627253097255,,0.0693599815916636,83.0,13689450,2.78429423459245,,61.86
BEL,Belgium,2023,55291.4754541329,6931.1013819588,7.27763098404696,11.7,11779946,35.833461825,0.5308444021123356,47.44
BEN,Benin,2023,1394.17784721831,114.662043901248,0.488426291085402,54.5,14111034,1.2621359223301,0.0,61.02
BFA,Burkina Faso,2023,873.482589651003,133.328839818471,0.272029919860247,71.4,23025776,6.544,0.090094869058398,61.46
BGD,Bangladesh,2023,2551.01773827307,602.897385671726,0.693947563901367,25.0,171466990,34.1619047619048,0.0036609210932028423,60.61
BGR,Bulgaria,2023,15853.208636704,5360.50343468088,5.73490257494032,20.4,6446596,25.9211136285714,0.2175098794500101,50.53
BHR,Bahrain,2023,29290.1284215098,23120.2510495803,24.5323732339754,0.0,1577059,3877.5,0.5107185808263252,22.0
BHS,"Bahamas, The",2023,38231.774484278,,3.52944121770479,1.1,399440,,,54.94
BIH,Bosnia and Herzegovina,2023,8663.02326458629,3676.52483946208,6.53950474604507,36.6,3185073,0.878971830985916,0.11712602924613387,48.92
BLR,Belarus,2023,7896.75388295584,4197.72816267243,5.86387585149229,8.2,9178298,4.15882352941177,0.11705157871164633,50.27
BLZ,Belize,2023,7424.75821321022,,0.913632980301917,30.8,411106,0.661861074705111,,60.17
BMU,Bermuda,2023,132604.439086216,,3.99239543726236,0.9,64698,,,54.02
BOL,Bolivia,2023,4274.70820547613,890.13871838809,1.99475521348588,12.8,12244159,0.118644412191104,0.01849291492359352,58.01
BRA,Brazil,2023,10377.5897719195,2916.48609397384,2.27447826989363,46.5,211140729,1.20014131778838,0.13143587101085621,57.45
BRB,Barbados,2023,25583.878782727,,2.44602176130568,5.5,282336,87.5,,57.11
BRN,Brunei Darussalam,2023,32890.5491812019,10674.3886575633,21.14308997296,0.0,458949,1.08235294117647,0.45040761722048267,22.0
BTN,Bhutan,2023,3831.32535494609,,1.98465128404026,82.5,786385,0.433205128205128,,58.03
BWA,Botswana,2023,7826.35376483298,1640.96758222175,2.7096930785842,27.4,2480244,8.88565995833333,0.08851486490925166,56.58
CAF,Central African Republic,2023,495.978897288721,,0.0645327701288385,90.9,5152421,0.0514184397163121,,61.87
CAN,Canada,2023,54220.3285039875,14459.8957515769,14.1478944295361,23.8,40083484,1.26764912280702,0.9084383899953519,33.7
CEB,Central Europe and the Baltics,2023,22690.3736174216,4357.73453661482,6.09126991078499,19.6977838168354,100183707,12.7198048611167,0.2406979849275855,49.82
CHE,Switzerland,2023,100623.549627296,7174.96649162285,3.78746475067225,27.7,8888822,4.21782178217822,0.5508099461772145,54.43
CHI,Channel Islands,2023,74585.5224096294,,,,167691,,,61.0
CHL,Chile,2023,17067.0364799154,4322.99269005513,3.91719041336885,24.2,19658835,3.99638418079096,0.1754231686939689,54.17
CHN,China,2023,12951.1782397043,6523.71926193193,9.23027553501428,15.2,1410710000,20.2097479469587,0.4897458564597989,43.54
CIV,Cote d'Ivoire,2023,2591.9659048119,353.81898290984,0.575152377678325,58.2,31165654,1.51223321186882,0.02985641252909335,60.85
CMR,Cameroon,2023,1720.47510154506,226.09772560491,0.364184752751828,79.2,28372687,0.398681318681319,0.026244467795713385,61.27
COD,"Congo, Dem. Rep.",2023,660.21205238997,128.528543096494,0.0580434409082674,96.3,105789731,0.0759555555555556,0.0,61.88
COG,"Congo, Rep.",2023,2477.97845544866,338.353373869965,1.27244805620677,71.4,6182885,0.0207207207207207,0.009784959702679724,59.46
COL,Colombia,2023,7000.83660501046,1552.83278166352,1.77360964835025,29.7,52321152,1.13117202797203,0.11605920432362873,58.45
COM,Comoros,2023,1560.27378476855,,0.515412394592109,39.3,850387,0.833333333333333,,60.97
CPV,Cabo Verde,2023,4794.90121917259,,1.24595323654924,21.8,522331,59.68371,,59.51
CRI,Costa Rica,2023,16942.0268119375,2206.04149426357,1.58608566210135,34.2,5105525,3.05029203539823,0.16858963876636726,58.83
CSS,Caribbean small states,2023,17596.5404249612,,8.14450926391357,6.28843567906768,4519904,0.741356900037772,,45.71
CUB,Cuba,2023,9605.27914559614,1461.7151414106,1.81740702369189,20.9,11019931,18.2528856243442,0.07076880138993474,58.37
CUW,Curacao,2023,21217.8110321785,5276.29417926468,,2.8,154654,,0.2697031884345694,58.48
CYM,Cayman Islands,2023,99143.5180243123,,4.92072619732194,0.0,73038,,,52.16
CYP,Cyprus,2023,36623.69140625,3841.70423858864,5.35563459868429,15.6,1344976,28.5897435897436,0.2783244161921759,51.29
CZE,Czechia,2023,31761.5944102491,5965.3672178366,7.88005974203708,17.2,10864042,10.9885931558935,0.37674502940981575,46.24
DEU,Germany,2023,54776.7668235491,5947.27119952649,7.07982839106762,17.6,83287273,24.1052046728972,0.6960129465815743,47.84
DJI,Djibouti,2023,3381.29779710722,,0.763263436905869,26.9,1152944,6.33333333333333,,60.47
DMA,Dominica,2023,9912.96212766668,,1.22387610885581,8.9,66510,10.0,,59.55
DNK,Denmark,2023,68043.5466971243,5878.13723736126,4.4073670007762,39.5,5946952,15.5725,0.5367205185105464,53.19
DOM,Dominican Republic,2023,10630.431743829,1867.39962396078,2.89366632939923,14.8,11331265,30.3702127659574,0.09091078135238115,56.21
DZA,Algeria,2023,5370.477235078,1827.95251014644,4.12827519079225,0.1,46164219,91.5088468035921,0.08349660797125473,53.74
EAP,East Asia & Pacific (excluding high income),2023,10125.9095208645,4919.99504585338,7.05574473677688,16.1762699381612,2137527754,12.3686818359983,0.152929218754909,47.89
EAR,Early-demographic dividend,2023,4252.59733415786,1454.18936102229,2.48578818948767,24.9895503831566,3511607650,16.1490997872843,0.0,57.03
EAS,East Asia & Pacific,2023,13176.1786055635,5352.80046107009,7.28175538742866,14.8081424064458,2384441485,12.0291205717529,0.12856314065492191,47.44
ECA,Europe & Central Asia (excluding high income),2023,8617.04840986329,3152.08890920527,5.1226828851112,10.0604471757322,248721385,31.2946590860992,0.12594475523494886,51.75
ECS,Europe & Central Asia,2023,29988.9022903108,5313.52007261407,6.62998652120757,15.106449203531,924773523,6.64491801301048,0.31620627987962857,48.74
ECU,Ecuador,2023,6737.84748379638,1675.63186443578,2.60232947756693,18.9,17980083,2.24136528028933,0.10451979811719461,56.8
EGY,"Egypt, Arab Rep.",2023,3456.78968456253,1492.89603600873,2.40830000255291,6.1,114535772,7750.0,0.05123564515661115,57.18
EMU,Euro area,2023,45330.1093015768,5885.02968020703,5.51904385053362,19.8074872686191,349762722,14.6465954774102,0.3961870886179599,50.96
ERI,Eritrea,2023,,123.329078288031,0.220205798195592,80.7,3470390,20.7857142857143,,61.56
ESP,Spain,2023,33493.2225409111,5117.82961999422,4.57046216901007,19.0,48352528,26.0971223021583,0.28694591568039346,52.86
EST,Estonia,2023,30264.0064885057,5722.16311047475,8.37350742837627,38.0,1370286,9.48447483870968,0.3145744594706653,45.25
ETH,Ethiopia,2023,1055.81091592527,112.555828390227,0.147767891652244,90.6,128691692,8.64598360655738,0.009707734764694727,61.7
EUU,European Union,2023,41566.5741100785,5736.06612172495,5.59079756161286,21.0591470733795,448897545,13.6041278581538,0.3950247233324459,50.82
FCS,Fragile and conflict affected situations,2023,1682.75058845476,431.075815997815,0.824129825469762,61.665418044345,1057033168,4.64480814029141,0.0,60.35
FIN,Finland,2023,52834.2916752703,14392.7795410779,5.88954587564164,50.2,5583911,2.80373831775701,0.6547654388268642,50.22
FJI,Fiji,2023,5926.20586394763,,1.55581645737411,28.4,924145,0.297373029772329,,58.89
FRA,France,2023,44700.1384177544,6415.02611160317,4.15598361008436,16.2,68372286,12.2138298,0.6377717217921994,53.69
FRO,Faroe Islands,2023,72465.3769660215,,0.0385930091520565,7.9,54414,,,61.92
FSM,"Micronesia, Fed. Sts.",2023,3919.64307910859,,0.00177572582793217,2.0,112630,,,62.0
GAB,Gabon,2023,7802.82433276138,1023.42693886684,2.06073835645602,91.3,2484789,0.0848170731707317,0.05629457725313182,57.88
GBR,United Kingdom,2023,49944.4702124201,4231.37008701746,4.44995911931321,12.2,68492000,5.80620689655172,0.657071266008182,53.1
GEO,Georgia,2023,8283.66960652261,3382.3327949556,3.64859696572424,25.2,3715483,2.22497849647342,0.1284741228769084,54.7
GHA,Ghana,2023,2383.90410483418,564.994926884211,0.687364126711107,39.0,33787914,4.78085808580858,0.10616405451503381,60.63
GIB,Gibraltar,2023,,5016.7658755946,16.3551766265499,0.0,38471,,,29.29
GIN,Guinea,2023,1555.49375806861,,0.348923061715176,66.6,14405468,0.393805309734513,,61.3
GMB,"Gambia, The",2023,883.024111719809,,0.17562165357906,47.7,2697845,3.38666666666667,,61.65
GNB,Guinea-Bissau,2023,988.087886357022,,0.152925294159443,87.4,2153339,1.09375,,61.69
GNQ,Equatorial Guinea,2023,6677.793435386,792.401175828084,2.57914675064098,4.2,1847549,0.0761538461538462,0.08851516059841494,56.84
GRC,Greece,2023,23343.7103964562,4693.50942425215,4.92324127436463,21.5,10407351,17.3224137931035,0.22265670539483257,52.15
GRD,Grenada,2023,11414.4781691181,,1.45113212220599,10.0,117081,7.05,,59.1
GRL,Greenland,2023,58498.9707973609,,10.2857645300273,11.7,56865,,,41.43
GTM,Guatemala,2023,5758.32760847852,733.082414309027,1.11051475329048,62.1,18124838,3.04404761904762,0.09956551379379297,59.78
GUM,Guam,2023,41833.1517132825,,0.00180173687434687,6.7,166506,,,62.0
GUY,Guyana,2023,20473.7002190617,,4.52651590785052,12.1,826353,0.599460580912863,,52.95
HKG,"Hong Kong SAR, China",2023,50562.3633144379,6359.12474622152,4.52746115364711,0.4,7536100,,0.5181412472135488,52.95
HND,Honduras,2023,3227.45762509776,752.100710474952,1.11312971877201,45.9,10644851,1.77255680564747,0.0,59.77
HPC,Heavily indebted poor countries (HIPC),2023,1155.90445279924,219.822768115579,0.315254506603433,76.0353291030768,917304254,2.82507303517576,0.0,61.37
HRV,Croatia,2023,22184.2279304842,4484.04352063873,4.83573016043274,34.1,3859686,1.80106100795756,0.26219018871859023,52.33
HTI,Haiti,2023,1705.75808460999,76.2369643049319,0.290485897277037,76.7,11637398,11.1478434689014,0.04945751732593448,61.42
HUN,Hungary,2023,22230.6277875187,4604.58127063007,4.48048025757632,15.3,9592186,78.247,0.2596603360969583,53.04
IBD,IBRD only,2023,7925.3992413749,3347.0754425674,5.10747444291865,18.0085051596372,4952212190,9.46700662925661,0.12537577748853806,51.79
IBT,IDA & IBRD total,2023,6149.50554558945,2584.51002187732,3.85120364940695,23.435247290857,6858521511,9.2469584388369,0.07591924865666175,54.3
IDA,IDA total,2023,1536.08719237098,374.688030110124,0.569774412726846,63.7525629244284,1906309321,8.39712394746432,0.002672715154097347,60.86
IDB,IDA blend,2023,1915.31328433422,424.614669111507,0.828158040447366,60.0736911684857,664395892,18.0297647162159,0.07666015849255492,60.34
IDN,Indonesia,2023,4876.30774512252,1445.21463483986,2.74747187282401,20.2,281190067,11.0286322881062,0.10472594911981178,56.51
IDX,IDA only,2023,1333.20971979026,344.012543440693,0.43006382401365,67.3560634206125,1241913429,4.88275867650096,0.021663950758459696,61.14
IMN,Isle of Man,2023,88328.548125887,,,2.7,84165,,,61.0
IND,India,2023,2530.12031278204,1181.63126786529,2.09622858892568,34.9,1438069596,44.7786998616874,0.22907409886871105,57.81
IRL,Ireland,2023,106818.917130804,6144.73623270699,6.1870780177041,12.7,5311538,3.41428571428571,0.5237012998239757,49.63
IRN,"Iran, Islamic Rep.",2023,5049.29931642754,3814.54510767933,9.00722487961339,0.9,90608707,72.3346303501945,0.09281752790295297,43.99
IRQ,Iraq,2023,5965.31835077761,1377.37792315929,5.16873911194444,1.1,45074049,120.521875,0.08637150151882896,51.66
ISL,Iceland,2023,82138.7892973557,50951.2190694985,8.34925829026897,82.4,385663,0.170588235294118,0.6804574598915665,45.3
ISR,Israel,2023,52003.7200729997,6772.05807696213,6.14077571327038,6.2,9849000,204.0,0.690222338782795,49.72
ITA,Italy,2023,39277.0838783918,5047.46897034285,5.1591446091273,17.5,58984216,18.5112328767123,0.3483010113938212,51.68
JAM,Jamaica,2023,7542.40084275345,1204.66823908562,2.7128452636924,10.5,2839786,12.3828188764668,0.07322078298171418,56.57
JOR,Jordan,2023,4466.08314208575,1857.90753262484,2.10161310922351,11.5,11439213,139.277126099707,0.08175294385488396,57.8
JPN,Japan,2023,33836.1756271617,7655.01641748312,8.05063579850566,8.8,124516650,18.5348837209302,0.5032185539118381,45.9
KAZ,Kazakhstan,2023,12879.4275257974,5145.57131631004,12.5643331681924,2.0,20330104,38.7972027972028,0.18736665913180797,36.87
KEN,Kenya,2023,1942.58802756191,190.082933008388,0.3843202596187,67.7,55339003,19.4782608695652,0.04225889777398528,61.23
KGZ,Kyrgyz Republic,2023,2138.22210211478,2068.80523962111,1.44095214620233,27.6,7099750,15.7510729613734,0.04785965443189964,59.12
KHM,Cambodia,2023,2429.74853452838,932.398524324088,1.08564797278218,52.4,17423880,1.81094527363184,0.0,59.83
KIR,Kiribati,2023,2177.70125812262,,0.573455066777333,41.9,132530,,,60.85
KNA,St. Kitts and Nevis,2023,22576.9248439166,,2.7909662517644,1.5,46758,50.8333333333333,,56.42
KOR,"Korea, Rep.",2023,35674.095995632,11426.0699114852,11.4162657281001,3.6,51712619,45.0223592906708,0.7253516508362835,39.17
KWT,Kuwait,2023,34075.849012909,16496.2026776994,22.6972114508944,0.1,4853420,,0.540778355798146,22.0
LAC,Latin America & Caribbean (excluding high income),2023,10196.271088969,2336.80485001788,2.53734435160177,34.931181287891,589889543,2.61905961548582,0.11020956998250848,56.93
LAO,Lao PDR,2023,2066.94979776957,1664.71123978848,3.35860711157858,49.2,7664993,3.86029411764706,0.0,55.28
LBN,Lebanon,2023,3477.72489842684,975.319446996818,1.87387427333851,6.8,5773493,37.75,0.0,58.25
LBR,Liberia,2023,799.194470229642,,0.152830013156671,92.8,5493031,0.07295,,61.69
LBY,Libya,2023,6026.51518708812,3796.09833965697,8.65140297405067,3.1,7305659,817.142857142857,0.08644100149253267,44.7
LCA,St. Lucia,2023,13554.7684784933,,1.65658030510082,9.7,179285,14.3,,58.69
LCN,Latin America & Caribbean,2023,10508.6472548025,2400.09137197501,2.65941898658185,34.1964972995889,657616517,2.68564379525977,0.11747034183704975,56.68
LDC,Least developed countries: UN classification,2023,1257.69806699331,287.499491325486,0.378767647173211,70.885707743194,1160824674,4.44607138745066,0.015352394342581592,61.24
LIE,Liechtenstein,2023,206780.590353385,,,56.9,39846,,,61.0
LKA,Sri Lanka,2023,3798.89016573011,644.461587330399,0.979275763488678,48.8,22037000,24.5189393939394,0.050629139108353656,60.04
LMY,Low & middle income,2023,5856.29495195922,2499.77138295552,3.67822797411227,24.5991935538732,6498875200,11.0084668805781,0.08638893255496756,54.64
LSO,Lesotho,2023,916.282976983803,,0.428947441284169,34.9,2311472,0.837476099426386,,61.14
LTE,Late-demographic dividend,2023,12437.9861721907,5473.62223975955,7.85165600850428,15.8291260683112,2326296729,5.71846474016466,0.2023187595762294,46.3
LTU,Lithuania,2023,27786.0057829276,4202.90536411076,4.51994281903548,33.2,2871585,1.94282018111255,0.2676250735053347,52.96
LUX,Luxembourg,2023,133230.619178899,11447.5638851792,10.4160977146887,20.5,666430,4.774,0.6068853794258909,41.17
LVA,Latvia,2023,22710.2637544197,3616.79876414098,3.66319656422698,44.0,1883710,1.0173199527745,0.23553726882744877,54.67
MAC,"Macao SAR, China",2023,67216.3631112124,,2.47569239835003,11.0,678800,,,57.05
MAF,St. Martin (French part),2023,21668.3776525323,,,,27515,,,61.0
MAR,Morocco,2023,3813.72607421875,997.255419654568,1.8573653487086,10.9,37712505,36.4586206896552,0.06146524419499513,58.29
MCO,Monaco,2023,256799.788612806,,,,38956,,,61.0
MDA,Moldova,2023,6799.58594644576,2411.52290499202,3.33935095165033,21.4,2457783,52.2222222222222,0.09144606773437274,55.32
MDG,Madagascar,2023,508.718427705591,80.0745430526006,0.147269201638214,83.1,31195932,3.9933234421365,0.04155580259667545,61.71
MDV,Maldives,2023,12587.6126038651,,3.41106552546227,1.2,525994,15.6666666666667,,55.18
MEA,"Middle East, North Africa, Afghanistan & Pakistan",2023,6149.061198935,2358.91068244343,4.09068275111043,7.54675702757893,797801454,173.531177104818,0.08142899291832142,53.82
MEX,Mexico,2023,13860.9597809326,2597.3996144081,3.66576524934041,13.0,129739759,21.9569682151589,0.09998704376448882,54.67
MHL,Marshall Islands,2023,6793.24495895856,,0.00257552733922271,12.2,38827,,,61.99
MIC,Middle income,2023,6386.30246387838,2682.36451439181,4.01645231310392,23.3167480903784,5891100497,11.5539559040204,0.07615045788722791,53.97
MKD,North Macedonia,2023,8674.35846327485,3320.35609711262,4.38791431960329,19.5,1827816,40.212962962963,0.1332149557762795,53.22
MLI,Mali,2023,1043.9533853528,,0.301946302024471,71.1,23769127,8.64333333333333,,61.4
MLT,Malta,2023,40905.8059585057,5013.14344537374,3.23421022637843,8.6,552747,72.6000079207921,0.3945368412841314,55.53
MMR,Myanmar,2023,1233.19666209269,368.438955640984,0.577107115225871,62.9,54133798,3.313821300359,0.029266723355885843,60.85
MNA,"Middle East, North Africa, Afghanistan & Pakistan (excluding high income)",2023,2873.03929302735,1360.84926498263,2.73271406164788,11.2181326344417,729077445,167.143207511485,0.07854580070579567,56.53
MNE,Montenegro,2023,12259.8775034436,4564.34263683004,,39.6,623529,,0.18224157036049785,58.96
MNG,Mongolia,2023,5838.63108083902,2728.12537254265,7.79990491634218,3.0,3481145,1.32873563218391,0.11553304823794099,46.4
MNP,Northern Mariana Islands,2023,23785.754590043,,0.00221518286334537,0.5,45143,,,62.0
MOZ,Mozambique,2023,622.000297682823,390.662628035663,0.318684376705804,76.9,33635160,1.46859421734796,0.023394672758415412,61.36
MRT,Mauritania,2023,2135.78187606359,,0.961166094335404,19.6,5022441,337.05,,60.08
MUS,Mauritius,2023,11269.9684462139,2465.06818980865,3.46174699494733,8.6,1248647,22.9734641948382,0.1438828997862481,55.08
MWI,Malawi,2023,633.214767978695,,0.222924211075164,62.9,21104482,8.40644361833953,,61.55
MYS,Malaysia,2023,11386.0395636528,5083.71249369916,8.03895132928611,7.5,35126298,1.15637931034483,0.18311771939424631,45.92
NAC,North America,2023,78190.0640735535,12754.2190956312,13.7566308316438,12.4628823400948,376954413,8.4800478435868,0.6305384154099547,34.49
NAM,Namibia,2023,4187.60500396525,1232.15759197731,1.21960315143456,30.0,2963095,1.67142008116883,0.046750734754256326,59.56
NCL,New Caledonia,2023,33701.8923322781,,16.7820057267051,9.6,289870,,,28.44
NER,Niger,2023,638.336080897887,67.7373474414071,0.120906578003627,79.6,26159867,73.8087942857143,0.0,61.76
NGA,Nigeria,2023,2138.76383719983,144.13540249798,0.552339272252252,80.3,227882945,5.64343891402715,0.0,60.9
NIC,Nicaragua,2023,2609.44492072931,640.569739227591,0.811432301333619,50.4,6823613,0.814941425004801,0.039261451250664534,60.38
NLD,Netherlands,2023,63515.6030780019,6206.42579001972,6.87570596534106,12.2,17877117,74.8572727272727,0.551536054587392,48.25
NOR,Norway,2023,87497.2179649556,23520.1783607185,7.53753758650308,61.4,5519601,0.703630890052356,0.6915601732864536,46.92
NPL,Nepal,2023,1382.33055769304,350.972738692613,0.519690203752101,73.7,29694614,4.79167507568113,0.030227891298144984,60.96
NRU,Nauru,2023,12752.4723855838,,0.0,1.9,11875,,,62.0
NZL,New Zealand,2023,49075.9562832927,8021.15384615385,6.11076923076923,28.9,5200000,3.01987767584098,0.500692912936425,49.78
OED,OECD members,2023,46580.4448807226,7572.69930958442,8.00199427665889,14.8380363213872,1387897706,7.93095518351738,0.5032365779709513,46.0
OMN,Oman,2023,21027.7384778886,8203.16762683866,18.9600910547646,0.1,5049269,116.714285714286,0.29549393765523085,24.08
OSS,Other small states,2023,15334.1046502228,,3.76193664560992,45.4042214532872,12822134,1.76749477209797,,54.48
PAK,Pakistan,2023,1360.32417758419,518.297657583956,0.843982651709012,41.6,247504495,326.0,0.021470446318062487,60.31
PAN,Panama,2023,18797.1933994045,2714.88097921417,2.85705058290883,28.0,4458759,0.886822840409956,0.19232021421478387,56.29
PER,Peru,2023,7887.54185920108,1594.68211201468,1.92281618030482,30.6,33845617,1.57946374162096,0.07886292668483101,58.15
PHL,Philippines,2023,3804.08274131097,924.622607515829,1.41396992471112,28.0,114891199,19.0056142943633,0.034990961454885505,59.17
PLW,Palau,2023,15610.8231931032,,78.8571106222147,0.9,17727,,,22.0
PNG,Papua New Guinea,2023,2966.06830432055,,0.529181246501922,54.6,10389635,0.0489513108614232,,60.94
POL,Poland,2023,22145.2660647429,4381.86423534017,7.64977784033642,15.2,36687353,17.509328358209,0.20816133598318556,46.7
PRE,Pre-demographic dividend,2023,1558.34344693401,247.83974018364,0.570388208785552,73.3285283869645,1078224044,4.3519886324323,0.0010986414178904662,60.86
PRI,Puerto Rico (US),2023,36980.7884784287,,4.56646374046755,2.5,3203792,12.3239436619718,,52.87
PRK,"Korea, Dem. People's Rep.",2023,,788.585022660889,2.48536198751437,14.7,26418204,12.9220895522388,,57.03
PRT,Portugal,2023,27634.6183139773,5146.35134570484,3.53665954067309,32.3,10578174,16.1303421052632,0.3084413701881167,54.93
PRY,Paraguay,2023,6299.99026533713,2388.61064623694,1.1312441318464,58.8,6844146,2.06239316239316,0.11401388197542067,59.74
PSE,West Bank and Gaza,2023,3455.02852911712,,,15.4,5165775,41.2315270935961,,61.0
PSS,Pacific island small states,2023,4173.79964748513,,1.47946024578094,29.425845410628,2689224,,,59.04
PST,Post-demographic dividend,2023,53813.7418308677,8651.4358512111,8.86994506284144,14.4278548426441,1121315547,9.06456041160311,0.5471230738824228,44.26
PYF,French Polynesia,2023,21832.2831795569,,3.30181631912578,7.0,281118,,,55.4
QAT,Qatar,2023,81816.9797967481,19963.2383947181,48.6426368357008,0.0,2656032,446.428571428571,0.6813205191479664,22.0
ROU,Romania,2023,18244.4186876321,2585.27043246593,3.68569180458046,23.6,19061062,19.2331288343558,0.17084169938800509,54.63
RUS,Russian Federation,2023,14159.3876953125,7285.35211230393,13.5462339145189,3.5,143826130,1.50324675324675,0.1838477861254563,34.91
RWA,Rwanda,2023,1027.03446826565,76.6779335454565,0.163983285357073,79.9,13954471,6.42105263157895,0.00901980458617173,61.67
SAS,South Asia,2023,2532.38988993306,1099.92414229081,1.90900756335612,36.8864659122341,1662580579,37.5608740286059,0.0,58.18
SAU,Saudi Arabia,2023,36156.848337701,11910.5778104451,18.8540744665469,0.1,33702731,974.166666666667,0.4576826122163027,24.29
SDN,Sudan,2023,797.283447265625,222.629469247628,0.433700830155536,61.0,50042791,673.375,0.0,61.13
SEN,Senegal,2023,1698.03387300843,410.176742198745,0.758785485197598,35.4,18077573,11.8666666666667,0.03036886642021415,60.48
SGP,Singapore,2023,85412.230345235,9750.49546711802,9.48033745839563,1.1,5917648,33.2552226666667,0.8248056011022824,43.04
SLB,Solomon Islands,2023,1882.64394148042,,0.374747657827139,50.1,800005,,,61.25
SLE,Sierra Leone,2023,758.329137378248,,0.16670385905723,71.6,8460512,0.132625,,61.67
SLV,El Salvador,2023,5365.44491399171,1136.99326615976,1.46387486797945,21.9,6309624,12.4025761356366,0.052061867174477874,59.07
SMR,San Marino,2023,59879.7173015651,,,,33860,,,61.0
SOM,"Somalia, Fed. Rep.",2023,596.885985135589,,0.0462780008186892,95.4,18358615,54.9666666666667,,61.91
SRB,Serbia,2023,12281.707946167,5089.5468236345,,27.2,6623183,60.5566789580112,0.2004965728853738,58.61
SSA,Sub-Saharan Africa (excluding high income),2023,1750.13136836946,410.155684696431,0.760236343295244,68.169313816785,1131078494,3.2410602697779,0.0,60.48
SSD,South Sudan,2023,1080.14718624765,47.8953311108739,,32.4,11483374,2.53076923076923,0.0,61.0
SSF,Sub-Saharan Africa,2023,1680.77966672218,376.428694944726,0.697699700134151,70.2701133853785,1259889959,3.41084431341167,0.0,60.6
SST,Small states,2023,14346.3202783396,,4.46756309386358,34.2609139465875,20031262,1.15909334010092,,53.06
STP,Sao Tome and Principe,2023,2990.6606143535,,0.63065521438379,42.5,230871,1.87614678899083,,60.74
SUR,Suriname,2023,5521.97602122638,2897.18645350668,3.96892282544054,14.5,628886,0.622121212121212,0.06758493351909757,54.06
SVK,Slovak Republic,2023,24614.8734642794,4673.89261324478,5.73978115774848,17.9,5426740,4.47320253968254,0.2661436309391546,50.52
SVN,Slovenia,2023,32660.4753581346,6418.41561811323,5.95087577654104,23.4,2120461,4.42956614890198,0.3639115164182545,50.1
SWE,Sweden,2023,54950.2834725622,12149.5179863926,3.4800778844701,57.9,10536632,1.45204678362573,0.6215371514920027,55.04
SWZ,Eswatini,2023,3755.52111232464,1199.5065444622,0.876387437363166,64.7,1230506,40.4545454545455,0.029782490448053034,60.25
SXM,Sint Maarten (Dutch part),2023,39451.8223361963,,,0.0,42749,,,61.0
SYC,Seychelles,2023,18262.7115849287,,7.00909219941055,1.9,119773,,,47.98
SYR,Syrian Arab Republic,2023,1051.67149587463,853.965753129431,1.32899347448781,1.1,23594623,195.799214806506,0.0489017574489308,59.34
TCA,Turks and Caicos Islands,2023,35470.2151608295,,4.78808606433179,0.8,46198,,,52.42
TCD,Chad,2023,949.333453674592,13.7170206589719,0.150566300727613,70.0,19319064,5.864,0.021767334879342192,61.7
TEA,East Asia & Pacific (IDA & IBRD countries),2023,10239.8162178816,4972.0509822193,7.11350044632207,16.2041019103429,2111139152,12.3644007175933,0.15198380915889223,47.77
TEC,Europe & Central Asia (IDA & IBRD countries),2023,12129.8641155432,4570.63618184824,7.96850253119139,8.02684416318492,458602212,5.74687818094316,0.1462645779359258,46.06
TGO,Togo,2023,1055.01727877926,217.210533109452,0.272055924027687,75.1,9304337,1.93913043478261,0.03690459805242327,61.46
THA,Thailand,2023,7195.10130919449,2965.2131060821,3.83577489383729,19.0,71702435,25.5253663533918,0.13505806625018638,54.33
TJK,Tajikistan,2023,1178.47990060249,1497.4303160244,0.897072214775281,34.9,10389799,16.7065868263473,0.03362175072074128,60.21
TKM,Turkmenistan,2023,6231.91323839698,2777.67291950859,12.8629910388274,0.1,7364438,1867.97153024911,0.09266613708162752,36.27
TLA,Latin America & the Caribbean (IDA & IBRD countries),2023,10260.5196915782,2415.83341919774,2.66346682659578,34.4989632470857,642397939,2.63775887014384,0.13683455151171253,56.67
TLS,Timor-Leste,2023,1502.41147438211,,0.47995862126757,11.4,1384286,14.2665855143031,,61.04
TMN,"Middle East, North Africa, Afghanistan & Pakistan (IDA & IBRD)",2023,2868.88626501212,1360.84926498263,2.73271406164788,11.2025085485546,723911670,167.455863195171,0.06856762409567052,56.53
TON,Tonga,2023,5651.59373063157,,1.54688949013834,2.3,104597,,,58.91
TSA,South Asia (IDA & IBRD),2023,2532.38988993306,1099.92414229081,1.90900756335612,36.8864659122341,1662580579,37.5608740286059,0.05906691919104119,58.18
TSS,Sub-Saharan Africa (IDA & IBRD countries),2023,1680.77966672218,376.428694944726,0.697699700134151,70.2701133853785,1259889959,3.41084431341167,0.020260402732722928,60.6
TTO,Trinidad and Tobago,2023,18308.4536298575,6663.93664397335,19.7069856893185,0.5,1367510,8.75520833333333,0.2500594582788882,22.59
TUN,Tunisia,2023,3951.11683376921,1628.63098852819,2.55804077741188,11.6,12200431,92.1096543504172,0.07564413048411227,56.88
TUR,Turkiye,2023,13375.0947282864,3581.25454543643,5.23215412799609,12.0,85325965,28.4007224669604,0.15377179332409516,51.54
TUV,Tuvalu,2023,6344.7750188689,,0.0,5.2,9816,,,62.0
TZA,Tanzania,2023,1224.00219726563,134.964321593904,0.323839316591473,78.3,66617606,6.17142857142857,0.0,61.35
UGA,Uganda,2023,1002.30913917142,95.2799806135246,0.166813953979235,90.9,48656601,1.63333333333333,0.0,61.67
UKR,Ukraine,2023,5139.59814453125,2516.32291831974,3.22518031774765,8.9,37732836,8.82196007259528,0.055897354692062876,55.55
URY,Uruguay,2023,23019.4221560046,3789.75591197495,2.41753370123087,57.8,3388081,4.88877806399132,0.2156952226278706,57.16
USA,United States,2023,81032.262117545,12551.2256333524,13.7119419860139,10.9,336806231,15.7661462029808,0.9733502718120461,34.58
UZB,Uzbekistan,2023,2878.96879292451,2059.24963004498,3.72011269845735,1.0,35652307,262.545899632803,0.08409688586194607,54.56
VCT,St. Vincent and the Grenadines,2023,10582.3656725229,,1.25835200300031,5.1,101323,7.9,,59.48
VEN,"Venezuela, RB",2023,3617.43594578269,1952.80326169663,3.40591488864612,33.7,28300854,2.81007453416149,0.09082180823021764,55.19
VGB,British Virgin Islands,2023,,,2.27523406438374,1.3,38985,,,57.45
VIR,Virgin Islands (U.S.),2023,44320.909185774,,0.00190626876483315,5.9,104917,,,62.0
VNM,Viet Nam,2023,4323.35031982451,2585.49409663119,3.89354026267807,24.2,100352192,22.7761393355962,0.10091341588681563,54.21
VUT,Vanuatu,2023,3482.61458237637,,0.847978677253136,25.0,320409,,,60.3
WLD,World,2023,13236.7163960917,3557.98382145796,4.67693780495436,19.7355641050053,8064057930,9.2339298524297,0.1344911202064069,52.65
WSM,Samoa,2023,4822.74084650019,,1.53833372564766,35.9,216663,,,58.92
XKX,Kosovo,2023,6221.20618847799,,,,1682668,,,61.0
YEM,"Yemen, Rep.",2023,633.887202451545,89.7417693913749,0.269743195612762,3.7,39390799,169.761904761905,0.03174471124892961,61.46
ZAF,South Africa,2023,6034.27208964673,3247.14853342661,6.75922774879049,9.7,63212384,47.1205357142857,0.09635244283625158,48.48
ZMB,Zambia,2023,1330.72780576709,726.743169079855,0.548090097623693,83.0,20723965,1.96009975062344,0.003596747902507618,60.9
ZWE,Zimbabwe,2023,2195.22492079245,503.769027041602,0.76899436270709,82.4,16340822,40.0463245921697,0.045514580703534854,60.46
