country_code,country_name,predicted_score,risk_level,ai_expansion_index,gdp_per_capita,energy_kwh_per_capita,renewable_pct,water_stress_pct,ai_expansion_index,population
ABW,Aruba,52.45344,Moderate risk,0.10544500181742275,35718.7531191634,2516.32291831974,8.8,8.788584202964305,0.10544500181742275,107359
AFE,Africa Eastern and Southern,60.531185,Moderate risk,0.0295838361445875,1571.44918918981,484.004411939864,65.7823798017466,5.04173888731344,0.0295838361445875,750491370
AFG,Afghanistan,61.323467,Moderate risk,0.10544500181742275,413.757894705303,2516.32291831974,20.0,43.0159066808059,0.10544500181742275,41454761
AFW,Africa Western and Central,60.96797,Moderate risk,0.0,1841.85506354867,207.456238648377,75.846980103796,1.70531279998314,0.0,509398589
AGO,Angola,60.465836,Moderate risk,0.0,2916.13663284275,379.103010494775,52.9,0.476824324324324,0.0,36749906
ALB,Albania,58.336178,Moderate risk,0.1410000952591621,9730.86921906893,2888.86725667383,41.9,2.96282527881041,0.1410000952591621,2414095
AND,Andorra,55.746773,Moderate risk,0.10544500181742275,46812.4261013102,2516.32291831974,18.7,8.788584202964305,0.10544500181742275,80856
ARB,Arab World,52.620914,Moderate risk,0.1510225103675817,7513.89907880749,2739.43764241097,5.17060073389405,203.775399457341,0.1510225103675817,482105978
ARE,United Arab Emirates,25.436472,High risk,0.6257477581483173,49850.6872175164,15284.7010578561,1.0,1509.93333333333,0.6257477581483173,10483751
ARG,Argentina,50.49405,Moderate risk,0.1669124467518128,14261.8465667948,2821.77233232234,9.2,12.9075342465753,0.1669124467518128,45538401
ARM,Armenia,55.709076,Moderate risk,0.1022685342318431,8159.08720967996,2386.06079006848,9.1,44.787869951888,0.1022685342318431,2964300
ASM,American Samoa,61.41014,Moderate risk,0.10544500181742275,18017.4589383973,2516.32291831974,0.4,8.788584202964305,0.10544500181742275,47521
ATG,Antigua and Barbuda,54.529694,Moderate risk,0.10544500181742275,21494.5474000727,2516.32291831974,0.9,8.46153846153846,0.10544500181742275,93316
AUS,Australia,33.75512,High risk,0.8421110925927187,65058.3773146674,9819.87119092096,12.3,2.36178861788618,0.8421110925927187,26659922
AUT,Austria,49.244534,Moderate risk,0.5068169428934433,56579.504175468,7860.14877086687,36.0,5.70909090909091,0.5068169428934433,9131761
AZE,Azerbaijan,52.438858,Moderate risk,0.1004317138140303,7133.02838048328,2366.9587760753,1.3,160.52988293284,0.1004317138140303,10153958
BDI,Burundi,61.701668,Moderate risk,0.10544500181742275,250.627253097255,2516.32291831974,83.0,2.78429423459245,0.10544500181742275,13689450
BEL,Belgium,47.40701,Moderate risk,0.5308444021123356,55291.4754541329,6931.1013819588,11.7,35.833461825,0.5308444021123356,11779946
BEN,Benin,61.69197,Moderate risk,0.0,1394.17784721831,114.662043901248,54.5,1.2621359223301,0.0,14111034
BFA,Burkina Faso,61.56606,Moderate risk,0.090094869058398,873.482589651003,133.328839818471,71.4,6.544,0.090094869058398,23025776
BGD,Bangladesh,60.37704,Moderate risk,0.0036609210932028,2551.01773827307,602.897385671726,25.0,34.1619047619048,0.0036609210932028,171466990
BGR,Bulgaria,50.55065,Moderate risk,0.2175098794500101,15853.208636704,5360.50343468088,20.4,25.9211136285714,0.2175098794500101,6446596
BHR,Bahrain,21.848396,Critical risk,0.5107185808263252,29290.1284215098,23120.2510495803,0.0,3877.5,0.5107185808263252,1577059
BHS,"Bahamas, The",54.944572,Moderate risk,0.10544500181742275,38231.774484278,2516.32291831974,1.1,8.788584202964305,0.10544500181742275,399440
BIH,Bosnia and Herzegovina,55.982376,Moderate risk,0.1171260292461338,8663.02326458629,3676.52483946208,36.6,0.878971830985916,0.1171260292461338,3185073
BLR,Belarus,50.24098,Moderate risk,0.1170515787116463,7896.75388295584,4197.72816267243,8.2,4.15882352941177,0.1170515787116463,9178298
BLZ,Belize,59.758507,Moderate risk,0.10544500181742275,7424.75821321022,2516.32291831974,30.8,0.661861074705111,0.10544500181742275,411106
BMU,Bermuda,53.96884,Moderate risk,0.10544500181742275,132604.439086216,2516.32291831974,0.9,8.788584202964305,0.10544500181742275,64698
BOL,Bolivia,57.95291,Moderate risk,0.0184929149235935,4274.70820547613,890.13871838809,12.8,0.118644412191104,0.0184929149235935,12244159
BRA,Brazil,56.997387,Moderate risk,0.1314358710108562,10377.5897719195,2916.48609397384,46.5,1.20014131778838,0.1314358710108562,211140729
BRB,Barbados,55.720955,Moderate risk,0.10544500181742275,25583.878782727,2516.32291831974,5.5,87.5,0.10544500181742275,282336
BRN,Brunei Darussalam,22.029076,Critical risk,0.4504076172204826,32890.5491812019,10674.3886575633,0.0,1.08235294117647,0.4504076172204826,458949
BTN,Bhutan,58.56701,Moderate risk,0.10544500181742275,3831.32535494609,2516.32291831974,82.5,0.433205128205128,0.10544500181742275,786385
BWA,Botswana,57.926945,Moderate risk,0.0885148649092516,7826.35376483298,1640.96758222175,27.4,8.88565995833333,0.0885148649092516,2480244
CAF,Central African Republic,61.8811,Moderate risk,0.10544500181742275,495.978897288721,2516.32291831974,90.9,0.0514184397163121,0.10544500181742275,5152421
CAN,Canada,33.967266,High risk,0.908438389995352,54220.3285039875,14459.8957515769,23.8,1.26764912280702,0.908438389995352,40083484
CEB,Central Europe and the Baltics,50.185604,Moderate risk,0.2406979849275855,22690.3736174216,4357.73453661482,19.6977838168354,12.7198048611167,0.2406979849275855,100183707
CHE,Switzerland,54.25746,Moderate risk,0.5508099461772145,100623.549627296,7174.96649162285,27.7,4.21782178217822,0.5508099461772145,8888822
CHI,Channel Islands,60.94084,Moderate risk,0.10544500181742275,74585.5224096294,2516.32291831974,20.7,8.788584202964305,0.10544500181742275,167691
CHL,Chile,53.96059,Moderate risk,0.1754231686939689,17067.0364799154,4322.99269005513,24.2,3.99638418079096,0.1754231686939689,19658835
CHN,China,43.70465,High risk,0.4897458564597989,12951.1782397043,6523.71926193193,15.2,20.2097479469587,0.4897458564597989,1410710000
CIV,Cote d'Ivoire,60.711143,Moderate risk,0.0298564125290933,2591.9659048119,353.81898290984,58.2,1.51223321186882,0.0298564125290933,31165654
CMR,Cameroon,61.250584,Moderate risk,0.0262444677957133,1720.47510154506,226.09772560491,79.2,0.398681318681319,0.0262444677957133,28372687
COD,"Congo, Dem. Rep.",61.736458,Moderate risk,0.0,660.21205238997,128.528543096494,96.3,0.0759555555555556,0.0,105789731
COG,"Congo, Rep.",59.624977,Moderate risk,0.0097849597026797,2477.97845544866,338.353373869965,71.4,0.0207207207207207,0.0097849597026797,6182885
COL,Colombia,58.194515,Moderate risk,0.1160592043236287,7000.83660501046,1552.83278166352,29.7,1.13117202797203,0.1160592043236287,52321152
COM,Comoros,60.96585,Moderate risk,0.10544500181742275,1560.27378476855,2516.32291831974,39.3,0.833333333333333,0.10544500181742275,850387
CPV,Cabo Verde,59.638897,Moderate risk,0.10544500181742275,4794.90121917259,2516.32291831974,21.8,59.68371,0.10544500181742275,522331
CRI,Costa Rica,58.198685,Moderate risk,0.1685896387663672,16942.0268119375,2206.04149426357,34.2,3.05029203539823,0.1685896387663672,5105525
CSS,Caribbean small states,46.374916,Moderate risk,0.10544500181742275,17596.5404249612,2516.32291831974,6.28843567906768,0.741356900037772,0.10544500181742275,4519904
CUB,Cuba,58.282284,Moderate risk,0.0707688013899347,9605.27914559614,1461.7151414106,20.9,18.2528856243442,0.0707688013899347,11019931
CUW,Curacao,58.02327,Moderate risk,0.2697031884345694,21217.8110321785,5276.29417926468,2.8,8.788584202964305,0.2697031884345694,154654
CYM,Cayman Islands,52.40768,Moderate risk,0.10544500181742275,99143.5180243123,2516.32291831974,0.0,8.788584202964305,0.10544500181742275,73038
CYP,Cyprus,51.427658,Moderate risk,0.2783244161921759,36623.69140625,3841.70423858864,15.6,28.5897435897436,0.2783244161921759,1344976
CZE,Czechia,46.490047,Moderate risk,0.3767450294098157,31761.5944102491,5965.3672178366,17.2,10.9885931558935,0.3767450294098157,10864042
DEU,Germany,47.910137,Moderate risk,0.6960129465815743,54776.7668235491,5947.27119952649,17.6,24.1052046728972,0.6960129465815743,83287273
DJI,Djibouti,60.46416,Moderate risk,0.10544500181742275,3381.29779710722,2516.32291831974,26.9,6.33333333333333,0.10544500181742275,1152944
DMA,Dominica,59.15567,Moderate risk,0.10544500181742275,9912.96212766668,2516.32291831974,8.9,10.0,0.10544500181742275,66510
DNK,Denmark,53.226067,Moderate risk,0.5367205185105464,68043.5466971243,5878.13723736126,39.5,15.5725,0.5367205185105464,5946952
DOM,Dominican Republic,56.15237,Moderate risk,0.0909107813523811,10630.431743829,1867.39962396078,14.8,30.3702127659574,0.0909107813523811,11331265
DZA,Algeria,48.034847,Moderate risk,0.0834966079712547,5370.477235078,1827.95251014644,0.1,91.5088468035921,0.0834966079712547,46164219
EAP,East Asia & Pacific (excluding high income),47.855824,Moderate risk,0.152929218754909,10125.9095208645,4919.99504585338,16.1762699381612,12.3686818359983,0.152929218754909,2137527754
EAR,Early-demographic dividend,57.12177,Moderate risk,0.0,4252.59733415786,1454.18936102229,24.9895503831566,16.1490997872843,0.0,3511607650
EAS,East Asia & Pacific,47.408783,Moderate risk,0.1285631406549219,13176.1786055635,5352.80046107009,14.8081424064458,12.0291205717529,0.1285631406549219,2384441485
ECA,Europe & Central Asia (excluding high income),51.76651,Moderate risk,0.1259447552349488,8617.04840986329,3152.08890920527,10.0604471757322,31.2946590860992,0.1259447552349488,248721385
ECS,Europe & Central Asia,48.599483,Moderate risk,0.3162062798796285,29988.9022903108,5313.52007261407,15.106449203531,6.64491801301048,0.3162062798796285,924773523
ECU,Ecuador,56.76197,Moderate risk,0.1045197981171946,6737.84748379638,1675.63186443578,18.9,2.24136528028933,0.1045197981171946,17980083
EGY,"Egypt, Arab Rep.",57.09762,Moderate risk,0.0512356451566111,3456.78968456253,1492.89603600873,6.1,7750.0,0.0512356451566111,114535772
EMU,Euro area,50.8326,Moderate risk,0.3961870886179599,45330.1093015768,5885.02968020703,19.8074872686191,14.6465954774102,0.3961870886179599,349762722
ERI,Eritrea,61.285507,Moderate risk,0.10544500181742275,7887.54185920108,123.329078288031,80.7,20.7857142857143,0.10544500181742275,3470390
ESP,Spain,52.578075,Moderate risk,0.2869459156803934,33493.2225409111,5117.82961999422,19.0,26.0971223021583,0.2869459156803934,48352528
EST,Estonia,45.654896,Moderate risk,0.3145744594706653,30264.0064885057,5722.16311047475,38.0,9.48447483870968,0.3145744594706653,1370286
ETH,Ethiopia,61.688133,Moderate risk,0.0097077347646947,1055.81091592527,112.555828390227,90.6,8.64598360655738,0.0097077347646947,128691692
EUU,European Union,50.62282,Moderate risk,0.3950247233324459,41566.5741100785,5736.06612172495,21.0591470733795,13.6041278581538,0.3950247233324459,448897545
FCS,Fragile and conflict affected situations,60.37074,Moderate risk,0.0,1682.75058845476,431.075815997815,61.665418044345,4.64480814029141,0.0,1057033168
FIN,Finland,50.180576,Moderate risk,0.6547654388268642,52834.2916752703,14392.7795410779,50.2,2.80373831775701,0.6547654388268642,5583911
FJI,Fiji,58.929028,Moderate risk,0.10544500181742275,5926.20586394763,2516.32291831974,28.4,0.297373029772329,0.10544500181742275,924145
FRA,France,46.90015,Moderate risk,0.6377717217921994,44700.1384177544,6415.02611160317,16.2,12.2138298,0.6377717217921994,68372286
FRO,Faroe Islands,61.729187,Moderate risk,0.10544500181742275,72465.3769660215,2516.32291831974,7.9,8.788584202964305,0.10544500181742275,54414
FSM,"Micronesia, Fed. Sts.",56.414948,Moderate risk,0.10544500181742275,3919.64307910859,2516.32291831974,2.0,8.788584202964305,0.10544500181742275,112630
GAB,Gabon,58.112534,Moderate risk,0.0562945772531318,7802.82433276138,1023.42693886684,91.3,0.0848170731707317,0.0562945772531318,2484789
GBR,United Kingdom,52.76356,Moderate risk,0.657071266008182,49944.4702124201,4231.37008701746,12.2,5.80620689655172,0.657071266008182,68492000
GEO,Georgia,55.07794,Moderate risk,0.1284741228769084,8283.66960652261,3382.3327949556,25.2,2.22497849647342,0.1284741228769084,3715483
GHA,Ghana,60.5901,Moderate risk,0.1061640545150338,2383.90410483418,564.994926884211,39.0,4.78085808580858,0.1061640545150338,33787914
GIB,Gibraltar,36.60074,High risk,0.10544500181742275,7887.54185920108,5016.7658755946,0.0,8.788584202964305,0.10544500181742275,38471
GIN,Guinea,61.337112,Moderate risk,0.10544500181742275,1555.49375806861,2516.32291831974,66.6,0.393805309734513,0.10544500181742275,14405468
GMB,"Gambia, The",61.39129,Moderate risk,0.10544500181742275,883.024111719809,2516.32291831974,47.7,3.38666666666667,0.10544500181742275,2697845
GNB,Guinea-Bissau,61.643684,Moderate risk,0.10544500181742275,988.087886357022,2516.32291831974,87.4,1.09375,0.10544500181742275,2153339
GNQ,Equatorial Guinea,56.641396,Moderate risk,0.0885151605984149,6677.793435386,792.401175828084,4.2,0.0761538461538462,0.0885151605984149,1847549
GRC,Greece,52.197742,Moderate risk,0.2226567053948325,23343.7103964562,4693.50942425215,21.5,17.3224137931035,0.2226567053948325,10407351
GRD,Grenada,58.86082,Moderate risk,0.10544500181742275,11414.4781691181,2516.32291831974,10.0,7.05,0.10544500181742275,117081
GRL,Greenland,42.301365,High risk,0.10544500181742275,58498.9707973609,2516.32291831974,11.7,8.788584202964305,0.10544500181742275,56865
GTM,Guatemala,59.774555,Moderate risk,0.0995655137937929,5758.32760847852,733.082414309027,62.1,3.04404761904762,0.0995655137937929,18124838
GUM,Guam,61.76925,Moderate risk,0.10544500181742275,41833.1517132825,2516.32291831974,6.7,8.788584202964305,0.10544500181742275,166506
GUY,Guyana,52.817894,Moderate risk,0.10544500181742275,20473.7002190617,2516.32291831974,12.1,0.599460580912863,0.10544500181742275,826353
HKG,"Hong Kong SAR, China",52.71338,Moderate risk,0.5181412472135488,50562.3633144379,6359.12474622152,0.4,8.788584202964305,0.5181412472135488,7536100
HND,Honduras,59.55709,Moderate risk,0.0,3227.45762509776,752.100710474952,45.9,1.77255680564747,0.0,10644851
HPC,Heavily indebted poor countries (HIPC),60.810215,Moderate risk,0.0,1155.90445279924,219.822768115579,76.0353291030768,2.82507303517576,0.0,917304254
HRV,Croatia,52.42182,Moderate risk,0.2621901887185902,22184.2279304842,4484.04352063873,34.1,1.80106100795756,0.2621901887185902,3859686
HTI,Haiti,61.367374,Moderate risk,0.0494575173259344,1705.75808460999,76.2369643049319,76.7,11.1478434689014,0.0494575173259344,11637398
HUN,Hungary,52.74605,Moderate risk,0.2596603360969583,22230.6277875187,4604.58127063007,15.3,78.247,0.2596603360969583,9592186
IBD,IBRD only,51.6826,Moderate risk,0.125375777488538,7925.3992413749,3347.0754425674,18.0085051596372,9.46700662925661,0.125375777488538,4952212190
IBT,IDA & IBRD total,54.246098,Moderate risk,0.0759192486566617,6149.50554558945,2584.51002187732,23.435247290857,9.2469584388369,0.0759192486566617,6858521511
IDA,IDA total,60.61618,Moderate risk,0.0026727151540973,1536.08719237098,374.688030110124,63.7525629244284,8.39712394746432,0.0026727151540973,1906309321
IDB,IDA blend,60.36532,Moderate risk,0.0766601584925549,1915.31328433422,424.614669111507,60.0736911684857,18.0297647162159,0.0766601584925549,664395892
IDN,Indonesia,56.781155,Moderate risk,0.1047259491198117,4876.30774512252,1445.21463483986,20.2,11.0286322881062,0.1047259491198117,281190067
IDX,IDA only,61.047897,Moderate risk,0.0216639507584596,1333.20971979026,344.012543440693,67.3560634206125,4.88275867650096,0.0216639507584596,1241913429
IMN,Isle of Man,60.946136,Moderate risk,0.10544500181742275,88328.548125887,2516.32291831974,2.7,8.788584202964305,0.10544500181742275,84165
IND,India,57.79392,Moderate risk,0.229074098868711,2530.12031278204,1181.63126786529,34.9,44.7786998616874,0.229074098868711,1438069596
IRL,Ireland,51.1096,Moderate risk,0.5237012998239757,106818.917130804,6144.73623270699,12.7,3.41428571428571,0.5237012998239757,5311538
IRN,"Iran, Islamic Rep.",43.74074,High risk,0.0928175279029529,5049.29931642754,3814.54510767933,0.9,72.3346303501945,0.0928175279029529,90608707
IRQ,Iraq,53.488384,Moderate risk,0.0863715015188289,5965.31835077761,1377.37792315929,1.1,120.521875,0.0863715015188289,45074049
ISL,Iceland,45.30295,Moderate risk,0.6804574598915665,82138.7892973557,50951.2190694985,82.4,0.170588235294118,0.6804574598915665,385663
ISR,Israel,45.26806,Moderate risk,0.690222338782795,52003.7200729997,6772.05807696213,6.2,204.0,0.690222338782795,9849000
ITA,Italy,52.05269,Moderate risk,0.3483010113938212,39277.0838783918,5047.46897034285,17.5,18.5112328767123,0.3483010113938212,58984216
JAM,Jamaica,56.63123,Moderate risk,0.0732207829817141,7542.40084275345,1204.66823908562,10.5,12.3828188764668,0.0732207829817141,2839786
JOR,Jordan,57.527412,Moderate risk,0.0817529438548839,4466.08314208575,1857.90753262484,11.5,139.277126099707,0.0817529438548839,11439213
JPN,Japan,45.682865,Moderate risk,0.5032185539118381,33836.1756271617,7655.01641748312,8.8,18.5348837209302,0.5032185539118381,124516650
KAZ,Kazakhstan,37.23589,High risk,0.1873666591318079,12879.4275257974,5145.57131631004,2.0,38.7972027972028,0.1873666591318079,20330104
KEN,Kenya,61.16462,Moderate risk,0.0422588977739852,1942.58802756191,190.082933008388,67.7,19.4782608695652,0.0422588977739852,55339003
KGZ,Kyrgyz Republic,59.367844,Moderate risk,0.0478596544318996,2138.22210211478,2068.80523962111,27.6,15.7510729613734,0.0478596544318996,7099750
KHM,Cambodia,59.954124,Moderate risk,0.0,2429.74853452838,932.398524324088,52.4,1.81094527363184,0.0,17423880
KIR,Kiribati,60.94577,Moderate risk,0.10544500181742275,2177.70125812262,2516.32291831974,41.9,8.788584202964305,0.10544500181742275,132530
KNA,St. Kitts and Nevis,56.512203,Moderate risk,0.10544500181742275,22576.9248439166,2516.32291831974,1.5,50.8333333333333,0.10544500181742275,46758
KOR,"Korea, Rep.",39.12297,High risk,0.7253516508362835,35674.095995632,11426.0699114852,3.6,45.0223592906708,0.7253516508362835,51712619
KWT,Kuwait,22.049908,Critical risk,0.540778355798146,34075.849012909,16496.2026776994,0.1,8.788584202964305,0.540778355798146,4853420
LAC,Latin America & Caribbean (excluding high income),57.09236,Moderate risk,0.1102095699825084,10196.271088969,2336.80485001788,34.931181287891,2.61905961548582,0.1102095699825084,589889543
LAO,Lao PDR,56.005756,Moderate risk,0.0,2066.94979776957,1664.71123978848,49.2,3.86029411764706,0.0,7664993
LBN,Lebanon,58.189754,Moderate risk,0.0,3477.72489842684,975.319446996818,6.8,37.75,0.0,5773493
LBR,Liberia,61.652588,Moderate risk,0.10544500181742275,799.194470229642,2516.32291831974,92.8,0.07295,0.10544500181742275,5493031
LBY,Libya,44.711056,High risk,0.0864410014925326,6026.51518708812,3796.09833965697,3.1,817.142857142857,0.0864410014925326,7305659
LCA,St. Lucia,58.61556,Moderate risk,0.10544500181742275,13554.7684784933,2516.32291831974,9.7,14.3,0.10544500181742275,179285
LCN,Latin America & Caribbean,56.914825,Moderate risk,0.1174703418370497,10508.6472548025,2400.09137197501,34.1964972995889,2.68564379525977,0.1174703418370497,657616517
LDC,Least developed countries: UN classification,61.075203,Moderate risk,0.0153523943425815,1257.69806699331,287.499491325486,70.885707743194,4.44607138745066,0.0153523943425815,1160824674
LIE,Liechtenstein,61.028328,Moderate risk,0.10544500181742275,206780.590353385,2516.32291831974,56.9,8.788584202964305,0.10544500181742275,39846
LKA,Sri Lanka,59.66635,Moderate risk,0.0506291391083536,3798.89016573011,644.461587330399,48.8,24.5189393939394,0.0506291391083536,22037000
LMY,Low & middle income,55.291786,Moderate risk,0.0863889325549675,5856.29495195922,2499.77138295552,24.5991935538732,11.0084668805781,0.0863889325549675,6498875200
LSO,Lesotho,61.14104,Moderate risk,0.10544500181742275,916.282976983803,2516.32291831974,34.9,0.837476099426386,0.10544500181742275,2311472
LTE,Late-demographic dividend,46.348732,Moderate risk,0.2023187595762294,12437.9861721907,5473.62223975955,15.8291260683112,5.71846474016466,0.2023187595762294,2326296729
LTU,Lithuania,52.857464,Moderate risk,0.2676250735053347,27786.0057829276,4202.90536411076,33.2,1.94282018111255,0.2676250735053347,2871585
LUX,Luxembourg,47.091766,Moderate risk,0.6068853794258909,133230.619178899,11447.5638851792,20.5,4.774,0.6068853794258909,666430
LVA,Latvia,54.673668,Moderate risk,0.2355372688274487,22710.2637544197,3616.79876414098,44.0,1.0173199527745,0.2355372688274487,1883710
MAC,"Macao SAR, China",56.920677,Moderate risk,0.10544500181742275,67216.3631112124,2516.32291831974,11.0,8.788584202964305,0.10544500181742275,678800
MAF,St. Martin (French part),46.137897,Moderate risk,0.10544500181742275,21668.3776525323,2516.32291831974,20.7,8.788584202964305,0.10544500181742275,27515
MAR,Morocco,58.292744,Moderate risk,0.0614652441949951,3813.72607421875,997.255419654568,10.9,36.4586206896552,0.0614652441949951,37712505
MCO,Monaco,60.99658,Moderate risk,0.10544500181742275,256799.788612806,2516.32291831974,20.7,8.788584202964305,0.10544500181742275,38956
MDA,Moldova,55.728058,Moderate risk,0.0914460677343727,6799.58594644576,2411.52290499202,21.4,52.2222222222222,0.0914460677343727,2457783
MDG,Madagascar,61.700897,Moderate risk,0.0415558025966754,508.718427705591,80.0745430526006,83.1,3.9933234421365,0.0415558025966754,31195932
MDV,Maldives,55.15456,Moderate risk,0.10544500181742275,12587.6126038651,2516.32291831974,1.2,15.6666666666667,0.10544500181742275,525994
MEA,"Middle East, North Africa, Afghanistan & Pakistan",53.90904,Moderate risk,0.0814289929183214,6149.061198935,2358.91068244343,7.54675702757893,173.531177104818,0.0814289929183214,797801454
MEX,Mexico,54.39354,Moderate risk,0.0999870437644888,13860.9597809326,2597.3996144081,13.0,21.9569682151589,0.0999870437644888,129739759
MHL,Marshall Islands,61.79804,Moderate risk,0.10544500181742275,6793.24495895856,2516.32291831974,12.2,8.788584202964305,0.10544500181742275,38827
MIC,Middle income,54.09177,Moderate risk,0.0761504578872279,6386.30246387838,2682.36451439181,23.3167480903784,11.5539559040204,0.0761504578872279,5891100497
MKD,North Macedonia,53.56411,Moderate risk,0.1332149557762795,8674.35846327485,3320.35609711262,19.5,40.212962962963,0.1332149557762795,1827816
MLI,Mali,61.49395,Moderate risk,0.10544500181742275,1043.9533853528,2516.32291831974,71.1,8.64333333333333,0.10544500181742275,23769127
MLT,Malta,55.562737,Moderate risk,0.3945368412841314,40905.8059585057,5013.14344537374,8.6,72.6000079207921,0.3945368412841314,552747
MMR,Myanmar,61.17169,Moderate risk,0.0292667233558858,1233.19666209269,368.438955640984,62.9,3.313821300359,0.0292667233558858,54133798
MNA,"Middle East, North Africa, Afghanistan & Pakistan (excluding high income)",56.610558,Moderate risk,0.0785458007057956,2873.03929302735,1360.84926498263,11.2181326344417,167.143207511485,0.0785458007057956,729077445
MNE,Montenegro,55.545567,Moderate risk,0.1822415703604978,12259.8775034436,4564.34263683004,39.6,8.788584202964305,0.1822415703604978,623529
MNG,Mongolia,53.94372,Moderate risk,0.1155330482379409,5838.63108083902,2728.12537254265,3.0,1.32873563218391,0.1155330482379409,3481145
MNP,Northern Mariana Islands,61.85212,Moderate risk,0.10544500181742275,23785.754590043,2516.32291831974,0.5,8.788584202964305,0.10544500181742275,45143
MOZ,Mozambique,61.433388,Moderate risk,0.0233946727584154,622.000297682823,390.662628035663,76.9,1.46859421734796,0.0233946727584154,33635160
MRT,Mauritania,60.23458,Moderate risk,0.10544500181742275,2135.78187606359,2516.32291831974,19.6,337.05,0.10544500181742275,5022441
MUS,Mauritius,55.237263,Moderate risk,0.1438828997862481,11269.9684462139,2465.06818980865,8.6,22.9734641948382,0.1438828997862481,1248647
MWI,Malawi,61.49148,Moderate risk,0.10544500181742275,633.214767978695,2516.32291831974,62.9,8.40644361833953,0.10544500181742275,21104482
MYS,Malaysia,45.852646,Moderate risk,0.1831177193942463,11386.0395636528,5083.71249369916,7.5,1.15637931034483,0.1831177193942463,35126298
NAC,North America,34.674908,High risk,0.6305384154099547,78190.0640735535,12754.2190956312,12.4628823400948,8.4800478435868,0.6305384154099547,376954413
NAM,Namibia,58.317368,Moderate risk,0.0467507347542563,4187.60500396525,1232.15759197731,30.0,1.67142008116883,0.0467507347542563,2963095
NCL,New Caledonia,54.31211,Moderate risk,0.10544500181742275,33701.8923322781,2516.32291831974,9.6,8.788584202964305,0.10544500181742275,289870
NER,Niger,61.795483,Moderate risk,0.0,638.336080897887,67.7373474414071,79.6,73.8087942857143,0.0,26159867
NGA,Nigeria,60.606033,Moderate risk,0.0,2138.76383719983,144.13540249798,80.3,5.64343891402715,0.0,227882945
NIC,Nicaragua,60.42955,Moderate risk,0.0392614512506645,2609.44492072931,640.569739227591,50.4,0.814941425004801,0.0392614512506645,6823613
NLD,Netherlands,48.356945,Moderate risk,0.551536054587392,63515.6030780019,6206.42579001972,12.2,74.8572727272727,0.551536054587392,17877117
NOR,Norway,46.19976,Moderate risk,0.6915601732864536,87497.2179649556,23520.1783607185,61.4,0.703630890052356,0.6915601732864536,5519601
NPL,Nepal,61.141876,Moderate risk,0.0302278912981449,1382.33055769304,350.972738692613,73.7,4.79167507568113,0.0302278912981449,29694614
NRU,Nauru,61.41786,Moderate risk,0.10544500181742275,12752.4723855838,2516.32291831974,1.9,8.788584202964305,0.10544500181742275,11875
NZL,New Zealand,50.066498,Moderate risk,0.500692912936425,49075.9562832927,8021.15384615385,28.9,3.01987767584098,0.500692912936425,5200000
OED,OECD members,44.744946,High risk,0.5032365779709513,46580.4448807226,7572.69930958442,14.8380363213872,7.93095518351738,0.5032365779709513,1387897706
OMN,Oman,29.237335,High risk,0.2954939376552308,21027.7384778886,8203.16762683866,0.1,116.714285714286,0.2954939376552308,5049269
OSS,Other small states,54.543835,Moderate risk,0.10544500181742275,15334.1046502228,2516.32291831974,45.4042214532872,1.76749477209797,0.10544500181742275,12822134
PAK,Pakistan,60.902596,Moderate risk,0.0214704463180624,1360.32417758419,518.297657583956,41.6,326.0,0.0214704463180624,247504495
PAN,Panama,56.187542,Moderate risk,0.1923202142147838,18797.1933994045,2714.88097921417,28.0,0.886822840409956,0.1923202142147838,4458759
PER,Peru,57.817284,Moderate risk,0.078862926684831,7887.54185920108,1594.68211201468,30.6,1.57946374162096,0.078862926684831,33845617
PHL,Philippines,59.25719,Moderate risk,0.0349909614548855,3804.08274131097,924.622607515829,28.0,19.0056142943633,0.0349909614548855,114891199
PLW,Palau,22.40361,Critical risk,0.10544500181742275,15610.8231931032,2516.32291831974,0.9,8.788584202964305,0.10544500181742275,17727
PNG,Papua New Guinea,60.79429,Moderate risk,0.10544500181742275,2966.06830432055,2516.32291831974,54.6,0.0489513108614232,0.10544500181742275,10389635
POL,Poland,50.93799,Moderate risk,0.2081613359831855,22145.2660647429,4381.86423534017,15.2,17.509328358209,0.2081613359831855,36687353
PRE,Pre-demographic dividend,60.87043,Moderate risk,0.0010986414178904,1558.34344693401,247.83974018364,73.3285283869645,4.3519886324323,0.0010986414178904,1078224044
PRI,Puerto Rico (US),52.95038,Moderate risk,0.10544500181742275,36980.7884784287,2516.32291831974,2.5,12.3239436619718,0.10544500181742275,3203792
PRK,"Korea, Dem. People's Rep.",57.312927,Moderate risk,0.10544500181742275,7887.54185920108,788.585022660889,14.7,12.9220895522388,0.10544500181742275,26418204
PRT,Portugal,52.246254,Moderate risk,0.3084413701881167,27634.6183139773,5146.35134570484,32.3,16.1303421052632,0.3084413701881167,10578174
PRY,Paraguay,59.67375,Moderate risk,0.1140138819754206,6299.99026533713,2388.61064623694,58.8,2.06239316239316,0.1140138819754206,6844146
PSE,West Bank and Gaza,60.603912,Moderate risk,0.10544500181742275,3455.02852911712,2516.32291831974,15.4,41.2315270935961,0.10544500181742275,5165775
PSS,Pacific island small states,59.17524,Moderate risk,0.10544500181742275,4173.79964748513,2516.32291831974,29.425845410628,8.788584202964305,0.10544500181742275,2689224
PST,Post-demographic dividend,44.25472,High risk,0.5471230738824228,53813.7418308677,8651.4358512111,14.4278548426441,9.06456041160311,0.5471230738824228,1121315547
PYF,French Polynesia,55.988384,Moderate risk,0.10544500181742275,21832.2831795569,2516.32291831974,7.0,8.788584202964305,0.10544500181742275,281118
QAT,Qatar,21.928404,Critical risk,0.6813205191479664,81816.9797967481,19963.2383947181,0.0,446.428571428571,0.6813205191479664,2656032
ROU,Romania,54.747803,Moderate risk,0.170841699388005,18244.4186876321,2585.27043246593,23.6,19.2331288343558,0.170841699388005,19061062
RUS,Russian Federation,34.957455,High risk,0.1838477861254563,14159.3876953125,7285.35211230393,3.5,1.50324675324675,0.1838477861254563,143826130
RWA,Rwanda,61.64972,Moderate risk,0.0090198045861717,1027.03446826565,76.6779335454565,79.9,6.42105263157895,0.0090198045861717,13954471
SAS,South Asia,58.147156,Moderate risk,0.0,2532.38988993306,1099.92414229081,36.8864659122341,37.5608740286059,0.0,1662580579
SAU,Saudi Arabia,24.250044,Critical risk,0.4576826122163027,36156.848337701,11910.5778104451,0.1,974.166666666667,0.4576826122163027,33702731
SDN,Sudan,61.260567,Moderate risk,0.0,797.283447265625,222.629469247628,61.0,673.375,0.0,50042791
SEN,Senegal,60.40027,Moderate risk,0.0303688664202141,1698.03387300843,410.176742198745,35.4,11.8666666666667,0.0303688664202141,18077573
SGP,Singapore,42.963318,High risk,0.8248056011022824,85412.230345235,9750.49546711802,1.1,33.2552226666667,0.8248056011022824,5917648
SLB,Solomon Islands,60.33061,Moderate risk,0.10544500181742275,1882.64394148042,2516.32291831974,50.1,8.788584202964305,0.10544500181742275,800005
SLE,Sierra Leone,61.668575,Moderate risk,0.10544500181742275,758.329137378248,2516.32291831974,71.6,0.132625,0.10544500181742275,8460512
SLV,El Salvador,58.799747,Moderate risk,0.0520618671744778,5365.44491399171,1136.99326615976,21.9,12.4025761356366,0.0520618671744778,6309624
SMR,San Marino,44.56089,High risk,0.10544500181742275,59879.7173015651,2516.32291831974,20.7,8.788584202964305,0.10544500181742275,33860
SOM,"Somalia, Fed. Rep.",61.91738,Moderate risk,0.10544500181742275,596.885985135589,2516.32291831974,95.4,54.9666666666667,0.10544500181742275,18358615
SRB,Serbia,58.149147,Moderate risk,0.2004965728853738,12281.707946167,5089.5468236345,27.2,60.5566789580112,0.2004965728853738,6623183
SSA,Sub-Saharan Africa (excluding high income),60.421207,Moderate risk,0.0,1750.13136836946,410.155684696431,68.169313816785,3.2410602697779,0.0,1131078494
SSD,South Sudan,60.929115,Moderate risk,0.0,1080.14718624765,47.8953311108739,32.4,2.53076923076923,0.0,11483374
SSF,Sub-Saharan Africa,60.34283,Moderate risk,0.0,1680.77966672218,376.428694944726,70.2701133853785,3.41084431341167,0.0,1259889959
SST,Small states,53.514503,Moderate risk,0.10544500181742275,14346.3202783396,2516.32291831974,34.2609139465875,1.15909334010092,0.10544500181742275,20031262
STP,Sao Tome and Principe,60.551888,Moderate risk,0.10544500181742275,2990.6606143535,2516.32291831974,42.5,1.87614678899083,0.10544500181742275,230871
SUR,Suriname,54.045834,Moderate risk,0.0675849335190975,5521.97602122638,2897.18645350668,14.5,0.622121212121212,0.0675849335190975,628886
SVK,Slovak Republic,50.887318,Moderate risk,0.2661436309391546,24614.8734642794,4673.89261324478,17.9,4.47320253968254,0.2661436309391546,5426740
SVN,Slovenia,49.90042,Moderate risk,0.3639115164182545,32660.4753581346,6418.41561811323,23.4,4.42956614890198,0.3639115164182545,2120461
SWE,Sweden,54.663475,Moderate risk,0.6215371514920027,54950.2834725622,12149.5179863926,57.9,1.45204678362573,0.6215371514920027,10536632
SWZ,Eswatini,60.079353,Moderate risk,0.029782490448053,3755.52111232464,1199.5065444622,64.7,40.4545454545455,0.029782490448053,1230506
SXM,Sint Maarten (Dutch part),55.40461,Moderate risk,0.10544500181742275,39451.8223361963,2516.32291831974,0.0,8.788584202964305,0.10544500181742275,42749
SYC,Seychelles,48.566868,Moderate risk,0.10544500181742275,18262.7115849287,2516.32291831974,1.9,8.788584202964305,0.10544500181742275,119773
SYR,Syrian Arab Republic,59.278194,Moderate risk,0.0489017574489308,1051.67149587463,853.965753129431,1.1,195.799214806506,0.0489017574489308,23594623
TCA,Turks and Caicos Islands,59.805996,Moderate risk,0.10544500181742275,35470.2151608295,2516.32291831974,0.8,8.788584202964305,0.10544500181742275,46198
TCD,Chad,61.684242,Moderate risk,0.0217673348793421,949.333453674592,13.7170206589719,70.0,5.864,0.0217673348793421,19319064
TEA,East Asia & Pacific (IDA & IBRD countries),47.953384,Moderate risk,0.1519838091588922,10239.8162178816,4972.0509822193,16.2041019103429,12.3644007175933,0.1519838091588922,2111139152
TEC,Europe & Central Asia (IDA & IBRD countries),46.316154,Moderate risk,0.1462645779359258,12129.8641155432,4570.63618184824,8.02684416318492,5.74687818094316,0.1462645779359258,458602212
TGO,Togo,61.531254,Moderate risk,0.0369045980524232,1055.01727877926,217.210533109452,75.1,1.93913043478261,0.0369045980524232,9304337
THA,Thailand,52.801487,Moderate risk,0.1350580662501863,7195.10130919449,2965.2131060821,19.0,25.5253663533918,0.1350580662501863,71702435
TJK,Tajikistan,60.33355,Moderate risk,0.0336217507207412,1178.47990060249,1497.4303160244,34.9,16.7065868263473,0.0336217507207412,10389799
TKM,Turkmenistan,36.460964,High risk,0.0926661370816275,6231.91323839698,2777.67291950859,0.1,1867.97153024911,0.0926661370816275,7364438
TLA,Latin America & the Caribbean (IDA & IBRD countries),56.8257,Moderate risk,0.1368345515117125,10260.5196915782,2415.83341919774,34.4989632470857,2.63775887014384,0.1368345515117125,642397939
TLS,Timor-Leste,60.911404,Moderate risk,0.10544500181742275,1502.41147438211,2516.32291831974,11.4,14.2665855143031,0.10544500181742275,1384286
TMN,"Middle East, North Africa, Afghanistan & Pakistan (IDA & IBRD)",56.56447,Moderate risk,0.0685676240956705,2868.88626501212,1360.84926498263,11.2025085485546,167.455863195171,0.0685676240956705,723911670
TON,Tonga,58.820797,Moderate risk,0.10544500181742275,5651.59373063157,2516.32291831974,2.3,8.788584202964305,0.10544500181742275,104597
TSA,South Asia (IDA & IBRD),58.226845,Moderate risk,0.0590669191910411,2532.38988993306,1099.92414229081,36.8864659122341,37.5608740286059,0.0590669191910411,1662580579
TSS,Sub-Saharan Africa (IDA & IBRD countries),60.637974,Moderate risk,0.0202604027327229,1680.77966672218,376.428694944726,70.2701133853785,3.41084431341167,0.0202604027327229,1259889959
TTO,Trinidad and Tobago,22.773888,Critical risk,0.2500594582788882,18308.4536298575,6663.93664397335,0.5,8.75520833333333,0.2500594582788882,1367510
TUN,Tunisia,57.610855,Moderate risk,0.0756441304841122,3951.11683376921,1628.63098852819,11.6,92.1096543504172,0.0756441304841122,12200431
TUR,Turkiye,51.516193,Moderate risk,0.1537717933240951,13375.0947282864,3581.25454543643,12.0,28.4007224669604,0.1537717933240951,85325965
TUV,Tuvalu,62.31667,Moderate risk,0.10544500181742275,6344.7750188689,2516.32291831974,5.2,8.788584202964305,0.10544500181742275,9816
TZA,Tanzania,61.40454,Moderate risk,0.0,1224.00219726563,134.964321593904,78.3,6.17142857142857,0.0,66617606
UGA,Uganda,61.670414,Moderate risk,0.0,1002.30913917142,95.2799806135246,90.9,1.63333333333333,0.0,48656601
UKR,Ukraine,55.560783,Moderate risk,0.0558973546920628,5139.59814453125,2516.32291831974,8.9,8.82196007259528,0.0558973546920628,37732836
URY,Uruguay,56.99822,Moderate risk,0.2156952226278706,23019.4221560046,3789.75591197495,57.8,4.88877806399132,0.2156952226278706,3388081
USA,United States,34.55259,High risk,0.973350271812046,81032.262117545,12551.2256333524,10.9,15.7661462029808,0.973350271812046,336806231
UZB,Uzbekistan,54.600224,Moderate risk,0.084096885861946,2878.96879292451,2059.24963004498,1.0,262.545899632803,0.084096885861946,35652307
VCT,St. Vincent and the Grenadines,59.720978,Moderate risk,0.10544500181742275,10582.3656725229,2516.32291831974,5.1,7.9,0.10544500181742275,101323
VEN,"Venezuela, RB",55.69514,Moderate risk,0.0908218082302176,3617.43594578269,1952.80326169663,33.7,2.81007453416149,0.0908218082302176,28300854
VGB,British Virgin Islands,57.76447,Moderate risk,0.10544500181742275,7887.54185920108,2516.32291831974,1.3,8.788584202964305,0.10544500181742275,38985
VIR,Virgin Islands (U.S.),61.484856,Moderate risk,0.10544500181742275,44320.909185774,2516.32291831974,5.9,8.788584202964305,0.10544500181742275,104917
VNM,Viet Nam,56.794125,Moderate risk,0.1009134158868156,4323.35031982451,2585.49409663119,24.2,22.7761393355962,0.1009134158868156,100352192
VUT,Vanuatu,60.344112,Moderate risk,0.10544500181742275,3482.61458237637,2516.32291831974,25.0,8.788584202964305,0.10544500181742275,320409
WLD,World,52.472584,Moderate risk,0.1344911202064069,13236.7163960917,3557.98382145796,19.7355641050053,9.2339298524297,0.1344911202064069,8064057930
WSM,Samoa,59.261353,Moderate risk,0.10544500181742275,4822.74084650019,2516.32291831974,35.9,8.788584202964305,0.10544500181742275,216663
XKX,Kosovo,60.068256,Moderate risk,0.10544500181742275,6221.20618847799,2516.32291831974,20.7,8.788584202964305,0.10544500181742275,1682668
YEM,"Yemen, Rep.",61.390095,Moderate risk,0.0317447112489296,633.887202451545,89.7417693913749,3.7,169.761904761905,0.0317447112489296,39390799
ZAF,South Africa,48.88559,Moderate risk,0.0963524428362515,6034.27208964673,3247.14853342661,9.7,47.1205357142857,0.0963524428362515,63212384
ZMB,Zambia,61.29115,Moderate risk,0.0035967479025076,1330.72780576709,726.743169079855,83.0,1.96009975062344,0.0035967479025076,20723965
ZWE,Zimbabwe,60.695065,Moderate risk,0.0455145807035348,2195.22492079245,503.769027041602,82.4,40.0463245921697,0.0455145807035348,16340822
